ID,Name,PhotoUrl
629555043,Sara Simmons,https://randomuser.me/api/portraits/women/27.jpg
116825808,Keith Owens,https://randomuser.me/api/portraits/men/73.jpg
49014383,Erik Lane,https://randomuser.me/api/portraits/men/82.jpg
897714117,Sherry Holt,https://randomuser.me/api/portraits/women/21.jpg
555249413,Frank Snyder,https://randomuser.me/api/portraits/men/5.jpg
334451280,Robert Jennings,https://randomuser.me/api/portraits/men/18.jpg
115237252,Amber Wade,https://randomuser.me/api/portraits/women/69.jpg
671285824,Cassandra Hopkins,https://randomuser.me/api/portraits/women/17.jpg
167971437,Dana White,https://randomuser.me/api/portraits/women/58.jpg
573496172,Sandra Carroll,https://randomuser.me/api/portraits/women/80.jpg
